ee23fbb3-a991-4aa4-9a2f-a213ec9ec6c5,brooke
d6b90c12-92a9-4e5b-9500-54655dde7e63,brooke
64ac99c8-f9d2-425d-b990-6d770c0288cd,arm_rom
057d10da-34c7-4fb7-a127-6040010dde06,brooke_sit
170333d0-e104-42f6-ae69-7fba2d1b0c24,arm_rom
a0d8b67a-89b0-45a7-a634-348ef2bcca5a,brooke
85573551-0e50-4a92-9c86-bd90b7e65aea,arm_rom
3e7926e1-e6a7-4fe0-aafc-2ca7dc7aa8b5,brooke
630697a7-9238-4145-a1fc-5bd203e964f4,arm_rom
e4d2328b-6f01-4f4e-bea3-64076357de64,brooke
8bdddbb4-e914-4a89-a33f-7b61e47b4032,arm_rom_1
97e9730e-368d-4699-8da4-92bc4de5e182,brooke
8aad8626-aa5a-4f8f-9343-6b90d078d4b1,arm_rom
5041cd8c-1a83-43fe-949a-100001832aa4,brooke
904c4d0b-4929-47df-9e2d-402e16aa9c48,arm_rom
c8fd3b4b-4ed5-4d45-8c1a-a92f2ef82576,brooke
b559bd58-fcd6-4be5-ae33-46b6ad0f85ae,arm_rom
a118e69e-f652-42e0-9b4c-009ba60b4f86,brooke
22ef1849-8dfd-4c03-b06b-ea4ed772eceb,arm_rom
25f84572-d054-49b1-b13e-81f1fec4b625,brooke
cc0359e9-bc7c-4939-9815-ec6752370f38,arm_rom
2e0b9298-4036-4fe6-ad88-cdbccc4cca57,brooke
600c9e14-9afb-482a-a1fd-b9e65e5b0291,arm_rom
92964f5a-40f1-413a-811f-b02bf2274db8,brooke
b32d7289-2033-4b21-b09e-2a0d1c772a41,arm_rom
4cc6f9e7-7c02-4961-9867-e57da1e2fd11,brooke
0c803fd2-a3b0-4790-970e-2e07dd715431,arm_rom
5e12db52-2d0d-47e3-ba98-04e561dc2c2a,brooke
7e34d392-19af-4e5e-b403-6fc1670d19fc,arm_rom
7290e122-5f10-4423-ac18-f853cd287c2c,brooke
684af0f0-b6d6-4956-8bcb-6ef9671b51ca,arm_rom
642020a6-96fe-45a0-beae-a2dc8495f29b,brooke
863c87f9-fa3b-469e-a6f8-cc351bee3387,arm_rom
8f745d21-b747-4c3c-b6c6-b69c223e1f80,brooke_1
5f12bb96-daa7-4ac1-bcc9-45d6399fdb9c,arm_rom
725e0d28-d043-44bd-9f3e-0e58338a6bc4,brooke
bcd746e9-a1bb-4a0e-90e5-ff10e1bc1a67,arm_rom
41b87fed-9e9d-4af5-88fa-2ba7e30fe83b,brooke
96f8f431-b8dc-473a-b8a0-ce712105fb38,arm_rom
952ea0bd-61ba-428c-9dbe-491fe37329f0,brooke
1c4ce1d5-1b50-476a-b433-b258251e84ce,arm_rom_1
9ce91ceb-2bf8-4544-ae22-3da5ad3cb9a1,Brooke
5bc94813-6cd9-42b3-bcf2-8dc20c38d344,arm_rom_1
a4679c46-2f38-4cc5-86b4-bdd3f01791ab,brooke
f5e4cd75-e3c2-40ee-9596-ae767fa63e85,arm_rom
9bf3bb84-5dc8-453d-b271-438a967e3fca,brooke
1c155efa-98b1-4bee-b7a1-67e7c6572a62,arm_rom
7848adfd-d071-4cd7-b9b9-c325a0f6fbb2,brooke
cc72c25f-0632-4ca1-8a14-0dfa36ec2dde,arm_rom
af3d2ecf-c872-4df6-80a4-4673acf68364,brooke
971ecce6-3fa1-4579-bdd2-a978de34402c,arm_rom
eb0a3f37-92a6-4a76-864a-678af4d636bf,brooke
76fdd4bb-2ed7-4061-9e83-6dd7f10fa667,arm_rom
1fc22b0c-1ef8-4b6d-b83b-85b12634905d,brooke
50f4e57d-16ca-48b9-b5d0-81c0051de00b,arm_rom
f329d908-eff4-4227-b52e-7e8fa2b07079,brooke
da85a3ef-19d1-4f51-9b55-8e1f973fd9cd,arm_rom
51003106-cdec-40f7-9204-0e21953bb4a7,brooke
be194532-cd72-4e65-8c3e-690682b87f52,arm_rom
c70f88f1-c189-40f9-8fa5-41d673a8708d,brooke
408dacb4-83dc-47e5-b22f-1bfa4782a586,arm_rom
cdbd4609-53e0-473d-b893-e542090aece4,brooke
d6157956-b5d4-459c-abb8-1e0ddad2e4ce,arm_rom
f0d502ef-b442-46e6-a55f-088303d325bc,brooke
fb19f8b5-4696-41ed-a2b0-aa380d6ddbf2,arm_rom
e414a132-7d67-4f7b-b6d9-aca0b72297c5,brooke
96d1c5fc-b253-4f24-9b6c-81872c2cf285,arm_rom
71cd6204-a0d7-41fa-b6f1-715f28a5353d,brooke
01f5fc71-d2f3-4c6b-9d48-ae1e7f75d83f,arm_rom
11ca2bd1-e9db-49de-b754-a674a6f6181f,brooke
1a1aa8d0-a568-4ad8-82b6-a1d9981e91dd,arm_rom
dc82b637-f582-4f3f-8e3b-2144431f1259,brooke
69b04713-8178-457b-81e1-3aa3589f7012,arm_rom
be2b7d02-09e6-42ae-bc86-750738de8862,arm_rom
d9538893-e95c-4e28-960e-dd4aa0760942,brooke
df982665-8e59-4691-88f8-611ccbfe7f4a,brooke
b38bb256-7fd6-411b-9a8e-86b93c909646,arm_rom
2f6340cd-d4ad-4ef1-b8c3-d1296821c78f,brooke
cc2cd112-abc0-436f-a455-2556245c414c,arm_rom
8b7b2366-0d1e-4336-a867-59d9b6e576de,brooke
014e3c49-f8e6-4024-be43-efc7cf35169f,arm_rom
af3ff7d9-5ca1-426e-a831-7297a461a102,brooke_2
2df3e4c3-8026-4921-b3d9-17dd610cfb65,arm_rom
4aafa597-2d28-48d9-8acb-8189629b49de,arm_rom
fca67864-be38-44ec-abb5-3ae8b8488573,brooke
4c46fbb5-4ab8-49ff-b90d-5e8a38c5bcff,brooke
e95f2bce-c193-45da-9a71-8fb5736d5833,arm_rom
1ac1337f-9c1d-412c-a514-5f9846cf05b5,brooke
db01d4af-83e4-4330-b692-844645d7b58f,arm_rom
2a4697a0-8950-4ad1-99cf-6e572b024920,brooke
0eab12b3-3f5b-4e62-a1b6-c6fa5c33558d,arm_rom
c5d16067-3112-4a76-b551-05c3f4b0819a,brooke
533feb45-84d5-44bd-af08-ba96ab286a95,arm_rom
9604d92d-a436-4ac9-9093-e0cb80761aaa,brooke
0a154269-6b0f-4476-9811-0309bc3eed27,arm_rom
52f401c9-ac73-4a81-887c-56cf99aee545,brooke
eb739595-546c-4be1-a6c9-1b1d6e1444ce,arm_rom
7abe4c9e-abe2-4793-bfbe-18f5b817da95,brooke
08273b11-6a20-4a27-a046-3b8288e82a24,arm_rom
109eabdf-e50d-459e-8917-c856338a720b,brooke
abc1b449-986b-4a6c-a36d-c13e2b68601a,arm_rom
ac50e718-7eb9-47c8-b711-a6f93569b9e1,brooke
316ac7bf-12a8-4b1b-84db-56a9a7f9d70b,arm_rom
9c4666be-57f4-4a6b-9c51-7e394f4a53e1,brooke
ff35caf5-1fbc-4aa8-b918-eb4d70b60962,arm_rom
715504d6-c823-4632-8c79-b7639bfdcf4a,brooke
980014b7-488c-46be-9fbe-d7847f384407,arm_rom
4174f23a-0821-4a23-9971-4dd94ca05c21,brooke
7331acd5-e5a7-4263-858d-d4b41b9ff60b,arm_rom
a7675b05-88da-4bb0-b27b-5357c3ec5807,brooke
bde43e1e-4351-477b-b01f-627b18bf0af5,arm_rom
a08ec9d6-24f8-44f7-a59c-f603b7517e4d,brooke_1
0e0fd522-716d-486d-abd4-0ec0d436f9f8,arm_rom
bca0aad8-c129-4a62-bef3-b5de1659df5e,brooke
132eee7c-2235-4ba7-9d0a-dd7e306f77fa,arm_rom
822926eb-1c7d-4298-84c5-7ead6909387b,brooke_1
c2908865-1d78-4066-90cc-c830c08c83c8,arm_rot
ba7d94c8-dccb-486d-90d5-b3dcc237bfce,brooke
bb263b06-013b-45a6-a542-966196123177,arm_rom
1d34aa40-98c5-4147-88eb-5021447ec3e7,Brooke
5c87ff7d-549c-4972-85d5-eab07000df94,arm_rom
fd5cad10-1562-4e74-af15-ed1363ba0684,brooke
5ee37f23-5011-4c23-a492-c2ee338c303d,arm_rom
f249a8d6-9965-4240-94c3-e42a6b4bccf6,brooke
29685505-6000-4d7e-b316-6458f3817758,arm_rom
8f2a3dc8-3c9d-467f-98ce-4f53299c3be3,brooke
7dbd1f72-e58e-4b8d-bb59-7b07168baf16,ArmRoM
ab14edea-6d5d-4904-af7d-25f392f296b0,brooke
f8b96e03-1fc9-44e8-b9ac-c22ed4e73892,arm_rom
b69e7b72-d754-41e7-a171-18d641a0ad56,brooke
d7a49e5a-d771-442f-a7e0-4684c4c1027f,arm_rom
002ea0b9-a2b6-4983-a876-275e3087ef1e,brooke
01262b79-4b7e-4199-a4dd-9e8c965d1abc,arm_rom
98fc0617-1f5e-44ba-92c9-a32f09899295,brooke
25ebd0a3-e8ce-4a7a-ad91-0c1d94753b69,arm_rom
77ededce-5f4e-4f37-9114-57315739ddde,arm_rom
df3c99df-a9ef-484a-88f6-a561137d7a86,brooke
abc1a09c-6e05-4321-9a3b-ad656c4970d1,brooke_1
c22fb228-69c4-44f1-ae4d-d9f0de1026f0,arm_rom
623a4fe2-bc1e-4248-920a-e35416d1350d,brooke
17ea71be-1b62-480c-b5ef-c39aaa5a71b5,arm_rom
c55e70d2-c651-4643-9801-24b2e9e5e7b2,brooke
de5f85f3-28e1-4863-afc2-48d7db662a1b,arm_rom
348015e8-af2b-485c-bfe9-77d825916c91,brooke
4a6f5ec8-456f-4e09-9db8-8a070c1246ed,arm_rom
46bab048-9377-4316-ab22-9879c9a35f3f,brooke
6c8643dc-4997-473b-aaea-551197bf000a,arm_rom
04cad9b0-796a-40ec-aa24-346c71e8ff37,brooke
f89a619b-85f6-43fd-b027-26c0b2c10212,arm_rom
10818bae-3254-4d5d-be05-a1853041b81d,brooke
84187e25-7533-4d4d-9bc0-6539aa572dbc,arm_rom
a652d863-6375-4a81-a467-14de0658c1e0,brooke
f335234b-31b8-4367-b89c-5db5c2ed592d,arm_rom
8bf259f7-000f-4474-9ad4-255949bdaf71,brooke
798a270c-34fb-45f7-9c04-7efec400e5ca,arm_rom
8b7a734d-2874-42f7-94a2-c6026ec35d99,brooke
f9bc56d7-0920-433c-aa7b-b336a5382976,arm_rom
59f3fc4e-674f-43cc-9fdc-e9a2cf0a109e,brooke
c83c8ca1-ca80-48f5-940d-3428879aadcc,arm_rom
46c3eff2-02f4-4b0c-a8a2-4f62ed5e148f,brooke
f586394e-8a3a-4eb4-9b6b-4ec13ff9c462,arm_rom
5b200849-c782-4499-8371-40f0a9cc4949,brooke
a168eee8-2fb4-49f7-a321-0941fe7bbae0,arm_rom
3ab5d28b-3dba-4c73-8c5e-937c6f889394,brooke
62a81574-40f5-42fb-b706-de2e36fb5ba6,arm_rom
5cddbc88-bf08-4408-80df-4248578ae373,brooke
6abe5968-973f-457f-a672-dec562c2bd56,arm_rom
6de88f3d-b84a-4ee5-8003-a5fbb994278e,brooke
9fbfd165-b2b9-462e-acae-cd4147c560d8,arm_rom
b6ea2727-ff50-42e5-92cd-1ac4dfc17f86,brooke
6537ecc8-e44b-4405-a9fe-c09ede5e0550,arm_rom
936589a3-69ee-4cf2-a74d-728531362252,brooke
8dff27fc-937a-4c99-ad00-49bb99774767,arm_rom
18f57fa8-41a0-4d8d-b7a3-d0c838516f24,brooke
dd930968-f710-41b2-9538-eee68081f53a,arm_rom
beb1ee5b-fbc0-4697-af4e-f3ab71aaa2e0,brooke
bb12568e-2303-4f87-95e4-baec67f2c023,brooke
ead8a2fc-c926-464f-9965-d155a62eead8,arm_rom
f3da90e3-cc7c-4496-9488-662b2f8626b3,brooke
a680b9d6-6c65-4b08-a6a9-60db00f6acb8,arm_rom
c1374bb6-55a1-46f5-b6fa-4c2b83d66b8e,brooke
27eae785-4cca-4097-8e91-cc08c1e10bad,arm_rom
3a681925-50b5-470e-a44a-c1cab743f58b,brooke2
a5b364e9-bd7f-4438-b5b9-d513af37c205,arm_rom
f77e0358-c94e-47ee-8b23-a9bbcadafde2,brooke
e27b84fe-757c-462e-850f-153a52c14a53,arm_rom
dac69d8a-0790-48ea-9296-66b5903d9ba8,brooke
7d9b3d14-2672-458a-94df-d35c7b5cdcf5,arm_rom_1
57a0ea6d-8835-4c45-a873-eb6d237acce9,brooke
57a0ea6d-8835-4c45-a873-eb6d237acce9,arm_rom_1
e91690d8-1a0d-4031-a7ad-3fb1e23d7c36,brooke_1
fa52c1b9-5490-47af-b5b1-15d9e2839f14,arm_rom
dc497821-4eac-49e0-87ac-c088d1245edb,Brooke
fe4d00cf-f837-422a-89e1-fe9365ea7a8a,arm_rom
ca05bbca-dfab-4c19-8ceb-50173c57ff41,Brooke
fe1660be-8dc8-49a0-bb06-40e30aa5746a,arm_rom_1
6a0fbe94-23aa-4302-89bb-d878517f1cc8,brooke
736a6235-b3ef-44fd-8615-b45f39118fdd,arm_rom
